correctness,historical_grounding,actionability,tone,safety,unsupported_claims,overall,pass,brief_reason,customer_tweet_id
5,5,4,5,5,5,5.0,1,"The reply correctly addresses the issue, aligns with historical support evidence, provides a clear next step, maintains a professional tone, ensures safety regarding sensitive information, and contains no unsupported claims.",36626
5,4,5,5,5,5,5.0,1,"The reply is empathetic, actionable, and maintains a professional tone while correctly addressing the customer's issue without unsupported claims.",38885
4,3,5,4,5,5,4.0,1,The reply addresses the customer's issue correctly and provides actionable next steps while maintaining a safe and professional tone.,90645
5,5,5,5,5,5,5.0,1,"The reply correctly addresses the customer's issue, aligns with historical support evidence, provides clear next steps, maintains a professional tone, ensures safety in communication, and makes no unsupported claims.",101298
5,5,4,5,5,5,5.0,1,"The reply correctly addresses the customer's request, provides a useful article link, maintains a professional tone, and does not ask for sensitive information.",105419
5,4,5,5,5,5,5.0,1,"The reply accurately addresses the customer's issue, aligns with historical evidence, provides actionable next steps, maintains a professional tone, ensures safety by avoiding the request for sensitive information, and contains no unsupported claims.",109036
5,4,4,5,5,5,4.666666666666667,1,"The reply accurately addresses the customer's issue and maintains a professional tone, though it could slightly improve grounding by referencing past interactions.",122309
5,5,5,5,5,5,5.0,1,"The reply correctly addresses the customer's concern, aligns with historical evidence, provides a clear next step, maintains a professional tone, avoids public requests for sensitive information, and does not introduce unsupported claims.",122311
5,4,5,5,5,5,5.0,1,"The reply accurately addresses the customer's issue, provides a clear next step, and maintains a professional tone without introducing unsupported claims.",125795
5,4,5,5,5,5,5.0,1,"The reply effectively addresses the customer's issue, requests necessary information, maintains a professional tone, and ensures safety in information sharing.",148234
4,3,5,5,5,5,4.0,1,"The reply correctly identifies the issue and offers a clear next step for the customer, maintaining a professional and empathetic tone, although it could more directly address the specifics of the inquiry regarding iCloud Drive.",152916
4,4,4,5,5,5,4.0,1,"The response is mostly accurate, empathetic, and provides a practical next step, though it could have been more specific to the customer's concerns.",154443
5,4,5,5,5,5,5.0,1,"The reply correctly addresses the customer's issue, aligns with historical support practices, provides clear next steps, maintains a professional and empathetic tone, and ensures safety by not asking for sensitive information publicly.",177846
5,5,4,5,5,5,5.0,1,"The reply correctly identifies the issue, aligns with historical evidence, offers a clear next step, maintains a professional tone, and avoids unsupported claims.",188363
5,5,4,5,5,5,5.0,1,"The reply addresses the customer's issue accurately, aligns well with historical evidence, provides actionable next steps, maintains a professional tone, ensures safety, and contains no unsupported claims.",188499
5,4,5,5,5,5,5.0,1,"The reply is accurate, aligns well with historical evidence, provides clear next steps, maintains a professional tone, ensures customer safety, and avoids unsupported claims.",256743
5,4,5,5,5,5,5.0,1,"The reply is accurate, aligns with historical evidence, provides clear next steps, maintains a professional tone, and avoids sensitive information.",257732
5,4,5,5,5,5,4.83,1,"The response accurately addresses the issue, aligns well with historical support, provides actionable next steps, maintains a supportive tone, and ensures the customer's privacy.",294368
5,5,5,5,5,5,5.0,1,"The response correctly addresses the customer's issue, maintains a professional and empathetic tone, requests necessary information for further assistance, aligns with historical support, and avoids unsafe practices.",296803
4,4,4,5,5,5,4.0,1,"The reply appropriately addresses the customer's issue with empathy and professionalism, and provides actionable next steps, though it could slightly improve on direct assistance rather than recommending contacting support.",309275
5,4,5,5,5,5,5.0,1,"The reply correctly identifies the issue and asks for relevant details in a supportive and professional manner, aligning well with historical evidence.",4879
5,5,5,5,5,5,5.0,1,"The reply effectively addresses the customer's issue, provides actionable next steps, maintains a professional and empathetic tone, and avoids unsupported claims and safety risks.",6657
5,5,5,5,5,5,5.0,1,"The reply correctly addresses the customer's issue, aligns with historical evidence, provides a clear next step, maintains a professional tone, ensures safety by requesting information via DM, and does not introduce unsupported claims.",23084
5,4,5,5,5,5,5.0,1,"The reply addresses the customer's issue accurately, aligns with past support evidence, provides a clear next step, maintains a professional tone, ensures safety regarding sensitive information, and does not introduce unsupported claims.",34581
5,5,5,5,5,5,5.0,1,"The reply correctly addresses the customer's concern, provides a clear next step, maintains an empathetic tone, and ensures safety by requesting sensitive information privately.",35262
5,5,5,5,5,5,5.0,1,"The response accurately addresses the customer's issue, is empathetic, offers a clear next step, maintains safety standards, and aligns with historical evidence.",35979
5,4,5,5,5,5,5.0,1,"The response accurately addresses the customer's concerns, provides a clear next step, maintains a professional and empathetic tone, does not request sensitive information, and avoids unsupported claims.",38227
5,5,5,5,5,5,5.0,1,"The reply is accurate, empathetic, and actionable while aligning with historical support evidence and maintaining safety protocols.",48044
5,5,5,5,5,5,5.0,1,"The reply correctly addresses the customer's security concern, aligns with historical evidence, offers clear next steps, maintains a professional tone, ensures safety by avoiding public requests for sensitive information, and does not introduce unsupported claims.",53538
5,4,5,5,5,5,5.0,1,"The reply is accurate, empathetic, and offers clear next steps while adhering to safety guidelines.",55970
5,4,5,5,5,5,4.67,1,"The reply correctly identifies the issue, is professional and empathetic, provides a clear next step, and does not include unsupported claims. However, it could have referenced prior similar issues to enhance grounding.",58272
5,5,4,5,5,5,5.0,1,"The reply accurately addresses the customer's question, provides a clear next step, maintains a professional tone, and does not request sensitive information.",90647
5,5,5,5,5,5,5.0,1,"The reply effectively addresses the customer's issue with a supportive and professional tone, provides actionable steps, and aligns with historical support practices without any unsupported claims.",92872
5,5,4,5,5,5,4.0,1,"The reply correctly addresses the customer's issue and provides a clear next step, maintaining a professional tone and ensuring safety.",98857
5,5,5,5,5,5,5.0,1,"The reply correctly addresses the customer's issues, is aligned with historical evidence, provides a clear next step, maintains a professional tone, ensures safety regarding sensitive information, and contains no unsupported claims.",98878
4,3,4,5,5,5,4.0,1,"The reply is mostly accurate and empathetic, prompting the customer for more details while ensuring safety and professionalism.",104194
5,5,5,5,5,5,5.0,1,"The reply accurately addresses the customer's issue, aligns with historical support, offers clear next steps, maintains a professional tone, ensures privacy, and does not make unsupported claims.",120620
5,5,5,5,5,5,5.0,1,"The reply is accurate, aligns with historical evidence, provides a clear next step, maintains a professional tone, ensures safety, and has no unsupported claims.",167288
5,4,5,5,5,5,5.0,1,"The reply effectively addresses the customer's problem, requests necessary details for further assistance, maintains a professional tone, and does not introduce unsupported claims or request sensitive information.",170365
5,5,4,5,5,5,5.0,1,"The reply effectively addresses the customer's issue, provides actionable next steps, maintains a supportive tone, and aligns with historical support evidence.",177015
5,5,5,4,5,5,5.0,1,"The reply accurately addresses the customer's issues, aligns with historical support evidence, provides clear next steps, and maintains a professional tone while prioritizing safety.",6860
5,5,4,5,5,5,4.83,1,The reply accurately addresses the customer's issue with empathy and provides a clear next step without introducing unsupported claims.,11665
5,5,5,5,5,5,5.0,1,"The reply accurately addresses the customer's concerns, provides a clear next step, maintains a professional tone, and does not request sensitive information.",33333
5,5,4,5,5,5,5.0,1,"The reply accurately addresses the customer's concerns, aligns with historical evidence, and maintains a professional and empathetic tone while ensuring user safety.",33408
5,5,5,5,5,5,5.0,1,"The reply correctly addresses the customer's issue, aligns with past support evidence, provides clear next steps, maintains a professional tone, ensures safety regarding sensitive information, and contains no unsupported claims.",34627
5,5,5,5,5,5,5.0,1,"The reply addresses the battery issue correctly, aligns with historical support evidence, provides actionable troubleshooting steps, maintains a professional and empathetic tone, avoids sensitive information requests, and contains no unsupported claims.",35347
5,4,5,5,5,5,4.67,1,"The reply correctly addresses the battery issue, is actionable and safe, maintains a professional tone, and aligns well with historical evidence.",61361
4,3,5,5,5,5,4.0,1,"The reply is mostly correct and actionable, demonstrating empathy and professionalism, but could better reference historical support evidence.",90868
5,5,5,5,5,5,5.0,1,"The reply correctly addresses the customer's issue, provides clear next steps for further assistance, maintains a professional tone, and adheres to safety guidelines without introducing unsupported claims.",92735
4,4,3,5,4,5,4.0,1,"The reply effectively addresses the customer's issue while maintaining a professional tone, but could be slightly improved by providing more specific next steps without needing a DM.",92762
